{"cameraMode":{"drawMode":0,"name":"Shaded","section":"Shading Mode"},"sceneLighting":false,"audioPlay":false,"sceneViewState":{"m_AlwaysRefresh":false,"showFog":true,"showSkybox":false,"showFlares":true,"showImageEffects":true,"showParticleSystems":true,"showVisualEffectGraphs":true,"m_FxEnabled":true},"in2DMode":false,"pivot":{"x":-0.5076320767402649,"y":2.2790346145629885,"z":11.216239929199219},"rotation":{"x":-0.007495775353163481,"y":-0.033890631049871448,"z":-0.00025432551046833396,"w":0.9993991255760193},"size":4.321456432342529,"orthographic":false}